02ad,138c,"PVR Mass Storage","HUMAX Co., Ltd."
03eb,2002,"Mass Storage Device","Atmel Corp."
03eb,2045,"LUFA Mass Storage Demo Application","Atmel Corp."
03eb,2061,"LUFA Combined Mass Storage and Keyboard Demo Application","Atmel Corp."
03eb,2068,"LUFA Virtual Serial/Mass Storage Demo","Atmel Corp."
03eb,6129,"AT91SAM Mass Storage Demo Application","Atmel Corp."
03f0,4002,"PhotoSmart 635/715/720/735/935/E337 (storage)","HP, Inc"
0402,5636,"USB 2.0 Storage Device","ALi Corp."
0402,5642,"Storage Device","ALi Corp."
041e,4133,"Mass Storage Device","Creative Technology, Ltd"
0421,0024,"5610 XpressMusic (Storage mode)","Nokia Mobile Phones"
0421,002d,"6120 Phone (Mass storage mode)","Nokia Mobile Phones"
0421,006c,"5310 Xpress music (Storage mode)","Nokia Mobile Phones"
0421,006d,"N95 (Storage mode)","Nokia Mobile Phones"
0421,00aa,"E71 (Mass storage mode)","Nokia Mobile Phones"
0421,010d,"E75 (Storage Mode)","Nokia Mobile Phones"
0421,0156,"5800 XpressMusic (Storage mode)","Nokia Mobile Phones"
0421,01b1,"6303 classic Phone (Mass storage mode)","Nokia Mobile Phones"
0421,01c7,"N900 (Storage Mode)","Nokia Mobile Phones"
0421,026a,"N97 (mass storage)","Nokia Mobile Phones"
0421,0295,"660i/6600i Slide Phone (Mass Storage)","Nokia Mobile Phones"
0421,02e1,"5230 (Storage mode)","Nokia Mobile Phones"
0421,03a4,"C5 (Storage mode)","Nokia Mobile Phones"
0421,03c0,"C7-00 (Mass storage mode)","Nokia Mobile Phones"
0421,03d1,"N950 (Storage Mode)","Nokia Mobile Phones"
0421,04bd,"5200 (Storage mode)","Nokia Mobile Phones"
0421,04cf,"E90 Communicator (Storage mode)","Nokia Mobile Phones"
0421,0509,"E65 (Storage mode)","Nokia Mobile Phones"
0421,0518,"N9 (Storage mode)","Nokia Mobile Phones"
0421,0662,"301 Dual SIM (Mass Storage)","Nokia Mobile Phones"
0430,a102,"remote key/mouse/storage for P3 chip","Fujitsu Component Limited"
0430,a103,"remote storage for P3 chip","Fujitsu Component Limited"
0430,a113,"remote storage for P4 chip","Fujitsu Component Limited"
045e,ffff,"Windows CE Mass Storage","Microsoft Corp."
0461,081a,"Fujifilm IX-30 Camera [storage mode]","Primax Electronics, Ltd"
0461,081d,"Elitegroup ECS-C11 Storage","Primax Electronics, Ltd"
046e,3001,"Mass Storage Device","Behavior Tech. Computer Corp."
046e,3002,"Mass Storage Device","Behavior Tech. Computer Corp."
046e,3003,"Mass Storage Device","Behavior Tech. Computer Corp."
046e,3005,"Mass Storage Device","Behavior Tech. Computer Corp."
046e,3008,"Mass Storage Device","Behavior Tech. Computer Corp."
0474,022f,"C5 Digital Media Camera (mass storage mode)","Sanyo Electric Co., Ltd"
0483,5720,"Mass Storage Device","STMicroelectronics"
0489,d00c,"Rollei Compactline (Storage Mode)","Foxconn / Hon Hai"
04a5,6001,"Mass Storage Device","Acer Peripherals Inc. (now BenQ Corp.)"
04a5,6002,"Mass Storage Device","Acer Peripherals Inc. (now BenQ Corp.)"
04a5,6004,"Mass Storage Device","Acer Peripherals Inc. (now BenQ Corp.)"
04a5,6005,"Mass Storage Device","Acer Peripherals Inc. (now BenQ Corp.)"
04a5,6006,"Mass Storage Device","Acer Peripherals Inc. (now BenQ Corp.)"
04a5,6007,"Mass Storage Device","Acer Peripherals Inc. (now BenQ Corp.)"
04a5,6008,"Mass Storage Device","Acer Peripherals Inc. (now BenQ Corp.)"
04a5,6009,"Mass Storage Device","Acer Peripherals Inc. (now BenQ Corp.)"
04a5,600a,"Mass Storage Device","Acer Peripherals Inc. (now BenQ Corp.)"
04a5,600b,"Mass Storage Device","Acer Peripherals Inc. (now BenQ Corp.)"
04a5,600c,"Mass Storage Device","Acer Peripherals Inc. (now BenQ Corp.)"
04a5,600d,"Mass Storage Device","Acer Peripherals Inc. (now BenQ Corp.)"
04a5,600e,"Mass Storage Device","Acer Peripherals Inc. (now BenQ Corp.)"
04a5,600f,"Mass Storage Device","Acer Peripherals Inc. (now BenQ Corp.)"
04a5,6010,"Mass Storage Device","Acer Peripherals Inc. (now BenQ Corp.)"
04a5,6011,"Mass Storage Device","Acer Peripherals Inc. (now BenQ Corp.)"
04a5,6012,"Mass Storage Device","Acer Peripherals Inc. (now BenQ Corp.)"
04a5,6013,"Mass Storage Device","Acer Peripherals Inc. (now BenQ Corp.)"
04a5,6014,"Mass Storage Device","Acer Peripherals Inc. (now BenQ Corp.)"
04a5,6015,"Mass Storage Device","Acer Peripherals Inc. (now BenQ Corp.)"
04a5,7500,"Hi-Speed Mass Storage Device","Acer Peripherals Inc. (now BenQ Corp.)"
04a9,1035,"PD Printer Storage","Canon, Inc."
04b0,010e,"Coolpix 4300 (storage)","Nikon Corp."
04b0,0114,"Coolpix 3100 (storage)","Nikon Corp."
04b0,0124,"Coolpix 8400 (mass storage mode)","Nikon Corp."
04b0,012c,"Coolpix 4100 (storage)","Nikon Corp."
04b0,0136,"Coolpix 7900 (storage)","Nikon Corp."
04b0,013a,"Coolpix 100 (storage)","Nikon Corp."
04b0,0141,"Coolpix P2 (storage)","Nikon Corp."
04b0,0203,"Coolpix 4200 (mass storage mode)","Nikon Corp."
04b0,0205,"Coolpix 5200 (storage)","Nikon Corp."
04b0,0301,"Coolpix 2000 (storage)","Nikon Corp."
04b0,0403,"D2H (mass storage mode)","Nikon Corp."
04b0,0405,"D70 (mass storage mode)","Nikon Corp."
04b0,040f,"D200 (mass storage mode)","Nikon Corp."
04b0,0411,"D80 (mass storage mode)","Nikon Corp."
04b0,0413,"D40 (mass storage mode)","Nikon Corp."
04b0,041e,"D60 digital camera (mass storage mode)","Nikon Corp."
04b4,4611,"Storage Adapter FX2 (CY)","Cypress Semiconductor Corp."
04b4,6831,"Storage Adapter ISD-300LP (CY)","Cypress Semiconductor Corp."
04b8,0804,"Storage Device","Seiko Epson Corp."
04b8,0809,"Storage Device","Seiko Epson Corp."
04b8,0822,"Storage Device","Seiko Epson Corp."
04b8,0824,"Storage Device","Seiko Epson Corp."
04b8,0826,"Storage Device","Seiko Epson Corp."
04b8,082c,"Storage Device","Seiko Epson Corp."
04b8,082d,"Storage Device","Seiko Epson Corp."
04bb,0301,"Storage Device","I-O Data Device, Inc."
04c5,200f,"Sigma DP2 (Mass Storage)","Fujitsu, Ltd"
04c8,0728,"Revio C2 Mass Storage Device","Konica Corp."
04cf,0800,"MTP800 Mass Storage Device","Myson Century, Inc."
04cf,8810,"CS8810 Mass Storage Device","Myson Century, Inc."
04cf,8811,"CS8811 Mass Storage Device","Myson Century, Inc."
04cf,8813,"CS8813 Mass Storage Device","Myson Century, Inc."
04cf,9920,"CS8819A2-114 Mass Storage Device","Myson Century, Inc."
04da,2316,"DVC Mass Storage Device","Panasonic (Matsushita)"
04da,2372,"Lumix Camera (Storage mode)","Panasonic (Matsushita)"
04e8,0300,"E2530 / GT-C3350 Phones (Mass storage mode)","Samsung Electronics Co., Ltd"
04e8,2035,"Digital Photo Frame Mass Storage","Samsung Electronics Co., Ltd"
04e8,675a,"D900e/B2100 Mass Storage","Samsung Electronics Co., Ltd"
04e8,685b,"GT-I9100 Phone [Galaxy S II] (mass storage mode)","Samsung Electronics Co., Ltd"
04e8,685c,"GT-I9250 Phone [Galaxy Nexus] (Mass storage mode)","Samsung Electronics Co., Ltd"
04e8,689a,"LTE Storage Driver [CMC2xx]","Samsung Electronics Co., Ltd"
04e8,f000,"Intensity 3 (Mass Storage Mode)","Samsung Electronics Co., Ltd"
04f1,0006,"DV Camera Storage","Victor Company of Japan, Ltd"
04f9,204d,"QL-720NW Label Printer (mass storage mode)","Brother Industries, Ltd"
04f9,20a9,"QL-1100 Label Printer (mass storage)","Brother Industries, Ltd"
04f9,20aa,"QL-1110NWB Label Printer (mass storage)","Brother Industries, Ltd"
04f9,20ac,"QL-1115NWB Label Printer (mass storage)","Brother Industries, Ltd"
04fc,0171,"SPCA1527A/SPCA1528 SD card camera (Mass Storage mode)","Sunplus Technology Co., Ltd"
04fc,1533,"Mass Storage","Sunplus Technology Co., Ltd"
0525,1265,"File-backed Storage Gadget","Netchip Technology, Inc."
0525,a4a5,"Linux-USB File-backed Storage Gadget","Netchip Technology, Inc."
052b,1514,"Aosta CX100 Webcam Storage","Tekom Technologies, Inc."
054c,0022,"Storage Adapter V2 (TPP)","Sony Corp."
054c,0030,"Storage Adapter V2 (TPP)","Sony Corp."
054c,0058,"Clie PEG-N7x0C PalmOS PDA Mass Storage","Sony Corp."
054c,006d,"Clie PEG-T425 PDA Mass Storage","Sony Corp."
054c,0073,"Storage CRX1750U","Sony Corp."
054c,0076,"Storage Adapter ACR-U20","Sony Corp."
054c,008b,"Micro Vault 64M Mass Storage","Sony Corp."
054c,0099,"Clie NR70 PDA Mass Storage","Sony Corp."
054c,016a,"Clie PEG-TJ35 PDA Mass Storage","Sony Corp."
054c,019e,"Micro Vault 1.0G Mass Storage","Sony Corp."
054c,07c3,"ILCE-6000 (aka Alpha-6000) in Mass Storage mode","Sony Corp."
054c,07c4,"ILCE-6000 (aka Alpha-6000) in Mass Storage mode","Sony Corp."
054c,0c02,"ILCE-7M3 [A7III] in Mass Storage mode","Sony Corp."
0582,0139,"Boss RC-300 (Storage mode)","Roland Corp."
0582,01b6,"Boutique Series Synthesizer (Storage mode)","Roland Corp."
058f,9310,"Mass Storage (UID4/5A & UID7A)","Alcor Micro Corp."
058f,9320,"Micro Storage Driver for Win98","Alcor Micro Corp."
058f,9321,"Micro Storage Driver for Win98","Alcor Micro Corp."
058f,9331,"Micro Storage Driver for Win98","Alcor Micro Corp."
0595,1001,"Digitrex DSC-1300/DSC-2100 (mass storage mode)","Zoran Microelectronics, Ltd"
059b,0057,"Mass Storage Device","Iomega Corp."
059b,005d,"Mass Storage Device","Iomega Corp."
059b,0150,"Mass Storage Device","Iomega Corp."
05a6,0a02,"Virtual Mass Storage","Cisco Systems, Inc."
05ab,0030,"Storage Adapter V2 (TPP)","In-System Design"
05ab,0061,"Storage Adapter V3 (TPP-I)","In-System Design"
05ab,0101,"Storage Adapter (TPP)","In-System Design"
05ab,0201,"Storage Adapter (TPP)","In-System Design"
05ab,5700,"Storage Adapter V2 (TPP)","In-System Design"
05ab,5701,"USB Storage Adapter V2","In-System Design"
05ab,5a01,"ATI Storage Adapter (TPP)","In-System Design"
05c6,1000,"Mass Storage Device","Qualcomm, Inc."
05da,1052,"Mass Storage Device","Microtek International, Inc."
05da,1054,"Mass Storage Device","Microtek International, Inc."
05da,1056,"Mass Storage Device","Microtek International, Inc."
05da,1058,"Mass Storage Device","Microtek International, Inc."
05e3,0712,"Delkin Mass Storage Device","Genesys Logic, Inc."
05e3,0761,"Genesys Mass Storage Device","Genesys Logic, Inc."
061a,8200,"VKI-A Fingerprint Sensor/Flash Storage (dumb)","Veridicom International, Inc."
061a,9200,"VKI-B Fingerprint Sensor/Flash Storage (smart)","Veridicom International, Inc."
0624,0251,"Virtual Mass Storage","Avocent Corp."
0624,0403,"Cisco Virtual Mass Storage","Avocent Corp."
0634,0655,"Embedded Mass Storage Drive [RealSSD]","Micron Technology, Inc."
067b,2317,"Mass Storage Device","Prolific Technology, Inc."
067b,2517,"Flash Disk Mass Storage Device","Prolific Technology, Inc."
067b,2528,"Storage device (8gB thumb drive)","Prolific Technology, Inc."
0686,4005,"Minolta DiMAGE E201 Mass Storage Device","Minolta Co., Ltd"
0686,4015,"Dimage XT Camera [storage]","Minolta Co., Ltd"
0686,401a,"Dimage A1 Camera [storage]","Minolta Co., Ltd"
06bd,0401,"Mass Storage","AGFA-Gevaert NV"
06d6,003a,"Trust PowerC@m 770Z (mass storage mode)","Aashima Technology B.V."
06e1,0833,"Mass Storage Device","ADS Technologies, Inc."
0733,1310,"Epsilon 1.3/Jenoptik JD C1.3/UMAX AstraPix 470 (mass storage mode)","ViewQuest Technologies, Inc."
0781,8183,"Hi-Speed Mass Storage Device","SanDisk Corp."
0781,a7c1,"Storage device (SD card reader)","SanDisk Corp."
079b,005d,"Mobile Mass Storage","Sagem"
07b8,e001,"Mass Storage Device","AboCom Systems Inc"
07b8,e002,"Mass Storage Device","AboCom Systems Inc"
07b8,e003,"Mass Storage Device","AboCom Systems Inc"
07b8,e004,"Mass Storage Device","AboCom Systems Inc"
07b8,e005,"Mass Storage Device","AboCom Systems Inc"
07b8,e006,"Mass Storage Device","AboCom Systems Inc"
07b8,e007,"Mass Storage Device","AboCom Systems Inc"
07b8,e008,"Mass Storage Device","AboCom Systems Inc"
07b8,e009,"Mass Storage Device","AboCom Systems Inc"
07b8,e00a,"Mass Storage Device","AboCom Systems Inc"
07c4,ad01,"Mass Storage Device","Datafab Systems, Inc."
07c4,ae01,"Mass Storage Device","Datafab Systems, Inc."
07c4,af01,"Mass Storage Device","Datafab Systems, Inc."
07cc,0030,"Mass Storage (UISDMC12S)","Carry Computer Eng., Co., Ltd"
07cc,0040,"Mass Storage (UISDMC13S)","Carry Computer Eng., Co., Ltd"
07cc,0201,"Mass Storage (UISDMC1S & UISDMC3S)","Carry Computer Eng., Co., Ltd"
07cc,0202,"Mass Storage (UISDMC5S)","Carry Computer Eng., Co., Ltd"
07cc,0203,"Mass Storage (UISMC5S)","Carry Computer Eng., Co., Ltd"
07cc,0204,"Mass Storage (UIM4/5S & UIM7S)","Carry Computer Eng., Co., Ltd"
07cc,0205,"Mass Storage (UIS4/5S & UIS7S)","Carry Computer Eng., Co., Ltd"
07cc,0206,"Mass Storage (UISDMC10S & UISDMC11S)","Carry Computer Eng., Co., Ltd"
07cc,0207,"Mass Storage (UPIDMA)","Carry Computer Eng., Co., Ltd"
07cc,0208,"Mass Storage (UCFC II)","Carry Computer Eng., Co., Ltd"
07cc,0210,"Mass Storage (UPIXXA)","Carry Computer Eng., Co., Ltd"
07cc,0213,"Mass Storage (UPIDA)","Carry Computer Eng., Co., Ltd"
07cc,0214,"Mass Storage (UPIMA)","Carry Computer Eng., Co., Ltd"
07cc,0215,"Mass Storage (UPISA)","Carry Computer Eng., Co., Ltd"
07cc,0217,"Mass Storage (UPISDMA)","Carry Computer Eng., Co., Ltd"
07cc,0223,"Mass Storage (UCIDA)","Carry Computer Eng., Co., Ltd"
07cc,0224,"Mass Storage (UCIMA)","Carry Computer Eng., Co., Ltd"
07cc,0225,"Mass Storage (UIS7S)","Carry Computer Eng., Co., Ltd"
07cc,0227,"Mass Storage (UCIDMA)","Carry Computer Eng., Co., Ltd"
07cc,0234,"Mass Storage (UIM7S)","Carry Computer Eng., Co., Ltd"
07cc,0235,"Mass Storage (UIS4S-S)","Carry Computer Eng., Co., Ltd"
07cc,0303,"Mass Storage (UID10W)","Carry Computer Eng., Co., Ltd"
07cc,0304,"Mass Storage (UIM10W)","Carry Computer Eng., Co., Ltd"
07cc,0305,"Mass Storage (UIS10W)","Carry Computer Eng., Co., Ltd"
07cc,0308,"Mass Storage (UIC10W)","Carry Computer Eng., Co., Ltd"
07cc,0309,"Mass Storage (UISC3W)","Carry Computer Eng., Co., Ltd"
07cc,0310,"Mass Storage (UISDMA2W)","Carry Computer Eng., Co., Ltd"
07cc,0311,"Mass Storage (UISDMC14W)","Carry Computer Eng., Co., Ltd"
07cc,0320,"Mass Storage (UISDMC4W)","Carry Computer Eng., Co., Ltd"
07cc,0321,"Mass Storage (UISDMC37W)","Carry Computer Eng., Co., Ltd"
07cc,0500,"Mass Storage","Carry Computer Eng., Co., Ltd"
07cc,0501,"Mass Storage","Carry Computer Eng., Co., Ltd"
07cf,1125,"Exilim EX-H10 Digital Camera (mass storage mode)","Casio Computer Co., Ltd"
07cf,1133,"Exilim EX-Z350 Digital Camera (mass storage mode)","Casio Computer Co., Ltd"
081b,0600,"Storage Adapter","Indigita Corp."
081b,0601,"Storage Adapter","Indigita Corp."
0840,0060,"Storage Adapter Bridge Module","Argosy Research, Inc."
088b,4944,"MassWorks ID-75 TouchScreen","MassWorks, Inc."
088e,5036,"Portable secure storage for software licenses","iLok"
08ca,010a,"Trust 738AV LCD PV Mass Storage","Aiptek International, Inc."
08ca,2011,"Pocket CAM 3 Mega (storage)","Aiptek International, Inc."
08ca,2019,"Pencam SD 2M (mass storage mode)","Aiptek International, Inc."
08e6,1359,"UA SECURE STORAGE TOKEN","Gemalto (was Gemplus)"
08ec,0832,"Hi-Speed Mass Storage Device","M-Systems Flash Disk Pioneers"
0917,0202,"STORAGE ADAPTER (FirePower)","SmartDisk Corp."
0917,0204,"FlashTrax Storage","SmartDisk Corp."
0917,0205,"STORAGE ADAPTER (CrossFire)","SmartDisk Corp."
0917,020f,"STORAGE ADAPTER (FireLite)","SmartDisk Corp."
091e,22b6,"eTrex Vista HCx (Mass Storage mode)","Garmin International"
093b,0010,"Storage Adapter","Plextor Corp."
0984,0200,"Hard Drive Storage (TPP)","Apricorn"
09a6,8001,"Mass Storage Device","Poinchips"
0a17,000c,"Optio 43WR (mass storage mode)","Pentax Corp."
0a17,003b,"Optio 50 (mass storage mode)","Pentax Corp."
0a48,500a,"Mass Storage Device","I/O Interconnect"
0a48,500f,"Mass Storage Device","I/O Interconnect"
0a48,5010,"Mass Storage Device","I/O Interconnect"
0a48,5011,"Mass Storage Device","I/O Interconnect"
0a48,5014,"Mass Storage Device","I/O Interconnect"
0a48,5020,"Mass Storage Device","I/O Interconnect"
0a48,5021,"Mass Storage Device","I/O Interconnect"
0a48,5022,"Mass Storage Device","I/O Interconnect"
0a48,5023,"Mass Storage Device","I/O Interconnect"
0a48,5024,"Mass Storage Device","I/O Interconnect"
0a48,5025,"Mass Storage Device","I/O Interconnect"
0a89,002a,"Rutoken Mass Storage","Aktiv"
0a89,002b,"Guardant Mass Storage","Aktiv"
0b05,1101,"Mass Storage (UISDMC4S)","ASUSTek Computer, Inc."
0b05,1708,"Mass Storage Device","ASUSTek Computer, Inc."
0b05,17a1,"Eee Note EA800 (mass storage mode)","ASUSTek Computer, Inc."
0b3c,c700,"Olicard 100 (Mass Storage mode)","Olivetti Techcenter"
0b86,5280,"XMC5280 Storage Drive","Exputer Systems, Inc."
0bb4,0001,"Android Phone via mass storage [Wiko Cink Peax 2]","HTC (High Tech Computer Corp.)"
0bc2,2000,"Storage Adapter V3 (TPP)","Seagate RSS LLC"
0bc2,ab38,"Backup Plus Hub (Mass Storage)","Seagate RSS LLC"
0bda,0104,"Mass Storage Device","Realtek Semiconductor Corp."
0bda,0106,"Mass Storage Device","Realtek Semiconductor Corp."
0bda,0107,"Mass Storage Device","Realtek Semiconductor Corp."
0bda,0108,"Mass Storage Device","Realtek Semiconductor Corp."
0bda,0113,"Mass Storage Device","Realtek Semiconductor Corp."
0bda,0115,"Mass Storage Device (Multicard Reader)","Realtek Semiconductor Corp."
0bda,0117,"Mass Storage Device","Realtek Semiconductor Corp."
0bda,0118,"Mass Storage Device","Realtek Semiconductor Corp."
0bda,0119,"Storage Device (SD card reader)","Realtek Semiconductor Corp."
0bda,0151,"Mass Storage Device (Multicard Reader)","Realtek Semiconductor Corp."
0bda,0152,"Mass Storage Device","Realtek Semiconductor Corp."
0bda,0156,"Mass Storage Device","Realtek Semiconductor Corp."
0bda,0157,"Mass Storage Device","Realtek Semiconductor Corp."
0bda,0161,"Mass Storage Device","Realtek Semiconductor Corp."
0bda,0168,"Mass Storage Device","Realtek Semiconductor Corp."
0bda,0169,"Mass Storage Device","Realtek Semiconductor Corp."
0bda,0171,"Mass Storage Device","Realtek Semiconductor Corp."
0bda,0176,"Mass Storage Device","Realtek Semiconductor Corp."
0bda,0178,"Mass Storage Device","Realtek Semiconductor Corp."
0bf6,0103,"Storage Device","Addonics Technologies, Inc."
0bf6,1234,"Storage Device","Addonics Technologies, Inc."
0c08,0378,"Q 16MB Storage Device","Agate"
0c0b,5fab,"Storage Adaptor","Dura Micro, Inc. (Acomdata)"
0c0b,b001,"USB 2.0 Mass Storage IDE adapter","Dura Micro, Inc. (Acomdata)"
0c45,1018,"Compact Flash storage memory card reader","Microdia"
0c45,1020,"Mass Storage Reader","Microdia"
0c45,1028,"Mass Storage Reader","Microdia"
0c45,1030,"Mass Storage Reader","Microdia"
0c45,1031,"Sonix Mass Storage Device","Microdia"
0c45,1032,"Mass Storage Reader","Microdia"
0c45,1033,"Sonix Mass Storage Device","Microdia"
0c45,1034,"Mass Storage Reader","Microdia"
0c45,1035,"Mass Storage Reader","Microdia"
0c45,1036,"Mass Storage Reader","Microdia"
0c45,1037,"Sonix Mass Storage Device","Microdia"
0c45,1061,"Mass Storage Reader","Microdia"
0c45,1062,"Mass Storage Reader","Microdia"
0c45,1063,"Sonix Mass Storage Device","Microdia"
0c45,1064,"Mass Storage Reader","Microdia"
0c45,1065,"Mass Storage Reader","Microdia"
0c45,1066,"Mass Storage Reader","Microdia"
0c45,1067,"Mass Storage Reader","Microdia"
0c76,0001,"Mass Storage Controller","JMTek, LLC."
0c76,0002,"Mass Storage Controller","JMTek, LLC."
0c76,0004,"Mass Storage Controller","JMTek, LLC."
0c76,0007,"Mass Storage Device","JMTek, LLC."
0caf,2517,"Flash Disk Mass Storage Device","Buslink"
0caf,3a20,"Mass Storage Device","Buslink"
0caf,3acd,"Mass Storage Device","Buslink"
0d08,0603,"DV007 [storage]","UTStarcom"
0d46,4000,"mIDentity (mass storage)","Kobil Systems GmbH"
0d49,3005,"Personal Storage 3000LS","Maxtor"
0d49,3200,"Personal Storage 3200","Maxtor"
0d64,2208,"Mass Storage","DXG Technology Corp."
0d64,3108,"Digicam Mass Storage Device","DXG Technology Corp."
0d7e,2517,"Hi-Speed Mass Storage Device","American Computer & Digital Components"
0d8c,5000,"Mass Storage Controller","C-Media Electronics, Inc."
0d8c,5200,"Mass Storage Controller(0D8C,5200)","C-Media Electronics, Inc."
0db0,5501,"Mass Storage Device","Micro Star International"
0db0,5502,"Mass Storage Device","Micro Star International"
0dbf,0200,"HDD Storage Solution","Jess-Link International"
0dbf,0300,"Storage Adapter","Jess-Link International"
0dbf,0333,"Storage Adapter","Jess-Link International"
0dbf,0502,"FSC Storagebird XL hard disk","Jess-Link International"
0dc4,0040,"Mass Storage Device","inXtron, Inc."
0dc4,0041,"Mass Storage Device","inXtron, Inc."
0dc4,0042,"Mass Storage Device","inXtron, Inc."
0dc4,0101,"Hi-Speed Mass Storage Device","inXtron, Inc."
0dc4,0290,"Mass Storage Device [NT2 U3.1]","inXtron, Inc."
0dd2,0003,"Mass Storage (P)","Power Quotient International Co., Ltd"
0dee,4010,"Storage Adapter","Lifetime Memory Products"
0e0f,0005,"Virtual Mass Storage","VMware, Inc."
0e8d,0002,"phone (mass storage mode) [Doro Primo 413]","MediaTek Inc."
0e90,0100,"Storage Adapter V1","WiebeTech, LLC"
0eee,8810,"Mass Storage Drive","Digital Stream Technology, Inc."
0fce,0177,"Xperia Ion [Mass Storage]","Sony Ericsson Mobile Communications AB"
0fce,8004,"9000 Phone [Mass Storage]","Sony Ericsson Mobile Communications AB"
0fce,d089,"W580i Phone (mass storage)","Sony Ericsson Mobile Communications AB"
0fce,e043,"V630i Phone [Mass Storage]","Sony Ericsson Mobile Communications AB"
0fce,e076,"W910i (Mass storage)","Sony Ericsson Mobile Communications AB"
0fce,e090,"W200 Phone (Mass Storage)","Sony Ericsson Mobile Communications AB"
0fce,e0a1,"K810 (Mass Storage mode)","Sony Ericsson Mobile Communications AB"
0fce,e0af,"V640i Phone [Mass Storage]","Sony Ericsson Mobile Communications AB"
0fce,e0d4,"C902 Phone [Mass Storage] ","Sony Ericsson Mobile Communications AB"
0fce,e0ef,"C905 Phone [Mass Storage]","Sony Ericsson Mobile Communications AB"
0fce,e112,"W995 Phone (Mass Storage)","Sony Ericsson Mobile Communications AB"
0fce,e14e,"J108i Cedar (mass-storage mode)","Sony Ericsson Mobile Communications AB"
0fce,e15a,"Xperia Pro [Mass Storage Class]","Sony Ericsson Mobile Communications AB"
0fce,e19b,"C2005 [Xperia M dual] (Mass Storage)","Sony Ericsson Mobile Communications AB"
1005,b223,"CD-RW + 6in1 Card Reader Digital Storage / Converter","Apacer Technology, Inc."
1058,2603,"My Passport Game Storage for PS4 4TB (WDBZGE0040)","Western Digital Technologies, Inc."
126f,0163,"Storage device (2gB thumb drive)","TwinMOS"
12d1,14d1,"K3770 3G Modem (Mass Storage Mode)","Huawei Technologies Co., Ltd."
12d1,14fe,"Modem (Mass Storage Mode)","Huawei Technologies Co., Ltd."
12d1,15ca,"E3131 3G/UMTS/HSPA+ Modem (Mass Storage Mode)","Huawei Technologies Co., Ltd."
12d1,1f01,"E353/E3131 (Mass storage mode)","Huawei Technologies Co., Ltd."
12d1,1f16,"K5150 LTE modem (Mass Storage Mode)","Huawei Technologies Co., Ltd."
132b,000d,"Dimage X50 Camera [storage?]","Konica Minolta"
1398,2103,"USB 2.0 Storage Device","Q-tec"
1457,5121,"OpenMoko Neo1973 kernel mass storage (g_storage) mode","First International Computer, Inc."
14c2,0250,"Storage Adapter V2","Gemlight Computer, Ltd"
14c2,0350,"Storage Adapter V2","Gemlight Computer, Ltd"
17ef,7435,"A789 (Mass Storage mode, with debug)","Lenovo"
17ef,743a,"A789 (Mass Storage mode)","Lenovo"
17ef,7604,"A760 (Mass Storage mode)","Lenovo"
17ef,7605,"A760 (Mass Storage mode, with debug)","Lenovo"
17ef,76fc,"B8000-H (Yoga Tablet 10) (mass storage)","Lenovo"
17ef,b003,"Virtual Keyboard and Mouse / Mass Storage","Lenovo"
18d1,0001,"Onda V972 (storage access)","Google Inc."
19a5,0401,"Mass Storage Device","HARRIS Corp."
19d2,1001,"K3805-Z vodafone WCDMA/GSM Modem - storage mode (made by ZTE)","ZTE WCDMA Technologies MSM"
1b3f,0c52,"808 Camera #9 (mass storage mode)","Generalplus Technology Inc."
1bbb,f000,"Alcatel OneTouch (mass storage mode)","T & A Mobile Phones"
1d50,5121,"Neo1973/FreeRunner kernel mass storage (g_storage) mode","OpenMoko, Inc."
1d50,602a,"Marlin 2.0 (Mass Storage)","OpenMoko, Inc."
1d50,603e,"Paparazzi (Mass Storage)","OpenMoko, Inc."
1de1,1101,"Generic Display Device (Mass storage mode)","Actions Microelectronics Co."
1f3a,1000,"Prestigio PER3464B ebook reader (Mass storage mode)","Allwinner Technology"
1f75,0621,"IS621 SATA Storage Controller","Innostor Technology Corporation"
1f75,0888,"IS888 SATA Storage Controller","Innostor Technology Corporation"
1f75,0917,"IS917 Mass storage","Innostor Technology Corporation"
1fc9,0082,"LPC4330FET180 [ARM Cortex M4 + M0] (mass storage controller mode)","NXP Semiconductors"
22b8,4285,"Droid X (Mass storage)","Motorola PCS"
22b8,4810,"Triplet GSM Phone (storage)","Motorola PCS"
22b8,604c,"EZX GSM Phone (Storage)","Motorola PCS"
22b8,6426,"ROKR Z6 (storage mode)","Motorola PCS"
2357,0600,"UE300 10/100/1000 LAN (mass storage CD-ROM mode) [Realtek RTL8153]","TP-Link"
2406,6688,"PD7X Portable Storage","SANHO Digital Electronics Co., Ltd."
2ae5,9015,"2 (Mass storage & ADB)","Fairphone B.V."
2ae5,f000,"2 (Mass storage)","Fairphone B.V."
2ce5,0014,"Mass Storage [NT2 U31C]","InX8 Inc [AKiTiO]"
2f76,1906,"KX906 Smart Token (Mass Storage)","KeyXentic Inc."
3538,0015,"Mass Storge Device","Power Quotient International Co., Ltd"
3538,0022,"Hi-Speed Mass Storage Device","Power Quotient International Co., Ltd"
5656,0832,"UT2000/UT3000 Digital Storage Oscilloscope","Uni-Trend Group Limited"
6472,01c8,"PlayStation Portable [Mass Storage]","Sony Corp."
6557,5500,"Mass Storage Device","Emtec"
f4ec,ee38,"Digital Storage Oscilloscope","Atten Electronics / Siglent Technologies"
